timestamp,time_seconds,meditation,calmness,awareness
2025-12-09T14:10:08.365154,1765307408.365154,58.291717529296875,53.1309700012207,78.93470001220703
2025-12-09T14:10:09.278601,1765307409.278601,58.03720474243164,52.988037109375,78.23387145996094
2025-12-09T14:10:10.225752,1765307410.225752,57.496707916259766,52.512596130371094,77.43315124511719
2025-12-09T14:10:11.139848,1765307411.1398478,56.50115203857422,51.25450897216797,77.48771667480469
2025-12-09T14:10:12.087388,1765307412.0873878,57.07636260986328,52.006935119628906,77.35406494140625
2025-12-09T14:10:13.023013,1765307413.023013,56.03712463378906,50.79415512084961,77.0090103149414
2025-12-09T14:10:13.954682,1765307413.9546816,57.94593048095703,53.55690383911133,75.50202941894531
2025-12-09T14:10:14.889871,1765307414.8898706,61.88279724121094,58.748924255371094,74.41828918457031
2025-12-09T14:10:15.838186,1765307415.8381858,63.679203033447266,60.31842041015625,77.12232971191406
2025-12-09T14:10:16.776933,1765307416.7769332,65.89811706542969,63.58173751831055,75.16361999511719
2025-12-09T14:10:17.702953,1765307417.7029526,62.94425964355469,59.97163009643555,74.83477020263672
2025-12-09T14:10:18.661560,1765307418.6615603,63.474456787109375,60.550819396972656,75.16901397705078
2025-12-09T14:10:19.611757,1765307419.611757,62.961971282958984,60.05785369873047,74.57844543457031
2025-12-09T14:10:20.506947,1765307420.5069468,64.72151947021484,62.42967987060547,73.88886260986328
2025-12-09T14:10:21.449536,1765307421.449536,62.56209182739258,59.821556091308594,73.52423858642578
2025-12-09T14:10:22.405100,1765307422.4050999,61.71760940551758,59.021209716796875,72.50320434570312
2025-12-09T14:10:23.338926,1765307423.3389258,62.922691345214844,60.48868942260742,72.65869903564453
2025-12-09T14:10:24.267186,1765307424.267186,60.965431213378906,58.10310745239258,72.41471862792969
2025-12-09T14:10:25.203945,1765307425.2039452,60.829891204833984,57.978004455566406,72.23744201660156
2025-12-09T14:10:26.156022,1765307426.1560223,60.87989807128906,57.999351501464844,72.40208435058594
2025-12-09T14:10:27.066861,1765307427.0668614,64.70527648925781,62.780311584472656,72.40512084960938
2025-12-09T14:10:28.010957,1765307428.0109575,65.05995178222656,63.425628662109375,71.59725189208984
2025-12-09T14:10:28.983357,1765307428.9833572,64.75288391113281,63.24981689453125,70.76513671875
2025-12-09T14:10:29.900744,1765307429.9007444,61.15843200683594,58.79706954956055,70.60387420654297
2025-12-09T14:10:30.836583,1765307430.8365827,61.62045669555664,59.5498046875,69.90306091308594
2025-12-09T14:10:31.765821,1765307431.765821,59.454811096191406,56.70652389526367,70.44795227050781
2025-12-09T14:10:32.714771,1765307432.7147713,55.61653137207031,51.96233367919922,70.23332214355469
2025-12-09T14:10:33.628392,1765307433.6283915,55.0695915222168,51.41831588745117,69.67469787597656
2025-12-09T14:10:34.578362,1765307434.5783625,55.238040924072266,51.649452209472656,69.59239196777344
2025-12-09T14:10:35.530380,1765307435.5303802,54.743778228759766,50.978485107421875,69.80494689941406
2025-12-09T14:10:36.465301,1765307436.465301,54.62464904785156,50.75556945800781,70.10095977783203
2025-12-09T14:10:37.393794,1765307437.3937938,54.429161071777344,50.33545684814453,70.8039779663086
2025-12-09T14:10:38.331845,1765307438.3318448,55.663658142089844,51.4937629699707,72.34324645996094
2025-12-09T14:10:39.278393,1765307439.278393,59.819969177246094,56.62042999267578,72.61811828613281
2025-12-09T14:10:40.192896,1765307440.192896,63.909210205078125,61.556182861328125,73.32132720947266
2025-12-09T14:10:41.146947,1765307441.1469471,69.00917053222656,67.90422058105469,73.42897033691406
2025-12-09T14:10:42.082515,1765307442.0825148,73.52130889892578,73.43060302734375,73.88412475585938
2025-12-09T14:10:43.025346,1765307443.0253456,76.19327545166016,76.70516204833984,74.14574432373047
2025-12-09T14:10:43.954838,1765307443.954838,76.50482177734375,77.09194946289062,74.15631866455078
2025-12-09T14:10:44.889213,1765307444.8892128,72.01834869384766,71.46627807617188,74.22661590576172
2025-12-09T14:10:45.841100,1765307445.8411002,70.51383972167969,69.70375061035156,73.75419616699219
2025-12-09T14:10:46.816185,1765307446.8161848,66.79667663574219,65.19505310058594,73.20318603515625
2025-12-09T14:10:47.704719,1765307447.7047188,66.54521179199219,65.20081329345703,71.92280578613281
2025-12-09T14:10:48.648913,1765307448.6489127,66.11437225341797,64.74153137207031,71.60572814941406
2025-12-09T14:10:49.616494,1765307449.616494,65.44837188720703,63.99360275268555,71.26744079589844
2025-12-09T14:10:50.521893,1765307450.5218928,62.614906311035156,60.65590286254883,70.45091247558594
2025-12-09T14:10:51.454948,1765307451.454948,59.10142517089844,56.52531051635742,69.40589141845703
2025-12-09T14:10:52.405020,1765307452.40502,54.8823127746582,51.226295471191406,69.50638580322266
2025-12-09T14:10:53.315304,1765307453.3153036,53.339134216308594,49.37041473388672,69.2140121459961
2025-12-09T14:10:54.286821,1765307454.2868211,57.74351119995117,55.01691436767578,68.64989471435547
2025-12-09T14:10:55.207261,1765307455.2072613,54.65462875366211,51.154457092285156,68.65531158447266
2025-12-09T14:10:56.176932,1765307456.176932,54.817195892333984,51.56361770629883,67.83151245117188
2025-12-09T14:10:57.077826,1765307457.0778263,55.30269241333008,52.019439697265625,68.43570709228516
2025-12-09T14:10:58.040599,1765307458.0405989,55.25837707519531,51.91600799560547,68.62785339355469
2025-12-09T14:10:58.977179,1765307458.9771788,55.602508544921875,52.3234977722168,68.71855163574219
2025-12-09T14:10:59.881082,1765307459.881082,58.10260772705078,55.30611038208008,69.28858947753906
2025-12-09T14:11:00.834092,1765307460.8340917,61.36578369140625,59.22406768798828,69.93264770507812
2025-12-09T14:11:01.796089,1765307461.7960894,66.14769744873047,65.20128631591797,69.93333435058594
2025-12-09T14:11:02.722592,1765307462.722592,67.44539642333984,66.75132751464844,70.22166442871094
2025-12-09T14:11:03.662637,1765307463.6626368,67.51285552978516,66.72605895996094,70.6600570678711
2025-12-09T14:11:04.594738,1765307464.5947382,72.2437515258789,72.52433013916016,71.1214370727539
2025-12-09T14:11:05.569961,1765307465.5699606,76.1881332397461,77.20874786376953,72.10567474365234
2025-12-09T14:11:06.442741,1765307466.442741,75.78412628173828,76.74803924560547,71.928466796875
2025-12-09T14:11:07.417816,1765307467.417816,75.81644439697266,76.79566192626953,71.89957427978516
2025-12-09T14:11:08.332331,1765307468.3323312,76.11687469482422,77.18598937988281,71.84040832519531
2025-12-09T14:11:09.343755,1765307469.3437545,76.31880950927734,77.45165252685547,71.7874526977539
2025-12-09T14:11:10.225980,1765307470.2259798,76.55303955078125,77.7239990234375,71.86921691894531
2025-12-09T14:11:11.146586,1765307471.1465862,77.080810546875,78.35731506347656,71.97480773925781
2025-12-09T14:11:12.092618,1765307472.0926178,77.14625549316406,78.42214965820312,72.04266357421875
2025-12-09T14:11:13.002815,1765307473.0028155,75.29839324951172,76.1067886352539,72.06481170654297
2025-12-09T14:11:13.949661,1765307473.9496615,73.7403564453125,74.30630493164062,71.4765625
2025-12-09T14:11:14.892927,1765307474.892927,71.09030151367188,71.13499450683594,70.91154479980469
2025-12-09T14:11:15.849036,1765307475.8490357,70.66584014892578,70.6952896118164,70.54803466796875
2025-12-09T14:11:16.758476,1765307476.7584763,70.98841094970703,71.15201568603516,70.3340072631836
2025-12-09T14:11:17.728102,1765307477.728102,70.41058349609375,70.4790267944336,70.1368179321289
2025-12-09T14:11:18.655759,1765307478.655759,70.47439575195312,70.5604019165039,70.13038635253906
2025-12-09T14:11:19.591719,1765307479.5917194,70.16798400878906,70.21614837646484,69.9753189086914
2025-12-09T14:11:20.518902,1765307480.5189023,68.4588623046875,68.16842651367188,69.62060546875
2025-12-09T14:11:21.520936,1765307481.5209365,68.90634155273438,68.72148132324219,69.64579772949219
2025-12-09T14:11:22.403926,1765307482.4039261,72.1043701171875,72.7901382446289,69.36131286621094
2025-12-09T14:11:23.321269,1765307483.3212688,74.38409423828125,75.53919982910156,69.76366424560547
2025-12-09T14:11:24.266204,1765307484.2662044,77.58070373535156,79.43498229980469,70.16358947753906
2025-12-09T14:11:25.209941,1765307485.2099414,79.12628936767578,81.31019592285156,70.39066314697266
2025-12-09T14:11:26.259614,1765307486.2596135,79.8734359741211,82.20066833496094,70.56450653076172
2025-12-09T14:11:27.075318,1765307487.075318,79.68708038330078,81.94625091552734,70.65040588378906
2025-12-09T14:11:28.072976,1765307488.0729756,80.02751159667969,82.25653076171875,71.1114501953125
2025-12-09T14:11:28.965280,1765307488.9652803,79.70252227783203,81.82748413085938,71.2026596069336
2025-12-09T14:11:29.896051,1765307489.896051,80.7337646484375,82.95942687988281,71.83112335205078
2025-12-09T14:11:30.827466,1765307490.8274658,79.61851501464844,81.38490295410156,72.55297088623047
2025-12-09T14:11:31.776175,1765307491.7761755,78.32935333251953,79.71269226074219,72.79598236083984
2025-12-09T14:11:32.739799,1765307492.7397993,75.50912475585938,76.20072937011719,72.74272155761719
2025-12-09T14:11:33.643512,1765307493.6435115,71.01885986328125,70.61275482177734,72.64328002929688
2025-12-09T14:11:34.607454,1765307494.6074536,70.0868911743164,69.50166320800781,72.42781829833984
2025-12-09T14:11:35.611384,1765307495.6113844,69.6173095703125,68.96287536621094,72.23506164550781
2025-12-09T14:11:36.454152,1765307496.454152,70.51128387451172,70.08218383789062,72.22769165039062
2025-12-09T14:11:37.389428,1765307497.3894281,70.63682556152344,70.35010528564453,71.78369903564453
2025-12-09T14:11:38.340665,1765307498.340665,71.5467529296875,71.46473693847656,71.87481689453125
2025-12-09T14:11:39.282379,1765307499.2823787,71.82969665527344,71.84159851074219,71.7820816040039
2025-12-09T14:11:40.224862,1765307500.2248616,72.622802734375,73.02332305908203,71.02070617675781
2025-12-09T14:11:41.151514,1765307501.1515136,73.29391479492188,73.91006469726562,70.82933044433594
2025-12-09T14:11:42.088259,1765307502.088259,75.18910217285156,76.25874328613281,70.91053771972656
2025-12-09T14:11:43.007516,1765307503.0075164,79.56846618652344,81.67024230957031,71.16136169433594
2025-12-09T14:11:43.952714,1765307503.9527144,79.62626647949219,81.66265869140625,71.480712890625
2025-12-09T14:11:44.901317,1765307504.9013166,78.58643341064453,80.11659240722656,72.4657974243164
2025-12-09T14:11:45.815847,1765307505.815847,75.155517578125,75.59451293945312,73.39952087402344
2025-12-09T14:11:46.774125,1765307506.774125,71.7346420288086,71.23298645019531,73.74127197265625
2025-12-09T14:11:47.716726,1765307507.7167256,68.76689910888672,67.41899108886719,74.15853118896484
2025-12-09T14:11:48.650630,1765307508.6506302,66.14739990234375,64.28215789794922,73.60836029052734
2025-12-09T14:11:49.580249,1765307509.5802486,66.13412475585938,64.27918243408203,73.55390930175781
2025-12-09T14:11:50.514769,1765307510.5147686,66.00222778320312,64.13621520996094,73.46629333496094
2025-12-09T14:11:51.489668,1765307511.4896677,66.03231811523438,64.21289825439453,73.30999755859375
2025-12-09T14:11:52.419434,1765307512.4194343,65.36068725585938,63.45048904418945,73.00146484375
2025-12-09T14:11:53.354870,1765307513.3548696,65.88594818115234,64.10685729980469,73.0022964477539
2025-12-09T14:11:54.274141,1765307514.2741406,63.60881423950195,61.53667449951172,71.89737701416016
2025-12-09T14:11:55.236232,1765307515.2362316,65.45313262939453,64.03288269042969,71.1341323852539
2025-12-09T14:11:56.139613,1765307516.1396134,66.37227630615234,65.35749816894531,70.43138122558594
2025-12-09T14:11:57.078999,1765307517.078999,68.84929656982422,68.57560729980469,69.9440689086914
2025-12-09T14:11:58.052560,1765307518.0525596,71.4461669921875,71.72728729248047,70.3216781616211
2025-12-09T14:11:58.983063,1765307518.983063,71.62474822998047,71.96258544921875,70.2734146118164
2025-12-09T14:11:59.891920,1765307519.8919203,71.71015167236328,71.99485778808594,70.57133483886719
2025-12-09T14:12:00.842753,1765307520.8427532,71.8359603881836,72.07633972167969,70.87445831298828
2025-12-09T14:12:01.753542,1765307521.7535424,71.16069030761719,70.87071228027344,72.32060241699219
2025-12-09T14:12:02.694893,1765307522.694893,70.26639556884766,69.53255462646484,73.20175170898438
2025-12-09T14:12:03.653588,1765307523.653588,73.31070709228516,73.19644927978516,73.76774597167969
2025-12-09T14:12:04.663373,1765307524.6633725,74.69353485107422,74.8472671508789,74.07862091064453
2025-12-09T14:12:05.523943,1765307525.523943,75.25918579101562,75.2350845336914,75.35560607910156
2025-12-09T14:12:06.449268,1765307526.4492679,74.57854461669922,74.24519348144531,75.9119644165039
2025-12-09T14:12:07.393276,1765307527.3932762,73.97724151611328,73.36408996582031,76.4298324584961
2025-12-09T14:12:08.349475,1765307528.3494751,72.3154525756836,71.33287048339844,76.24577331542969
2025-12-09T14:12:09.257147,1765307529.2571468,70.23042297363281,68.71534729003906,76.29072570800781
2025-12-09T14:12:10.228430,1765307530.2284298,70.25177001953125,68.74906921386719,76.26258850097656
2025-12-09T14:12:11.186054,1765307531.1860535,71.17853546142578,70.0853500366211,75.55128479003906
2025-12-09T14:12:12.092475,1765307532.092475,71.96920776367188,71.29549407958984,74.6640625
2025-12-09T14:12:13.016392,1765307533.016392,71.59444427490234,70.58198547363281,75.644287109375
2025-12-09T14:12:13.955903,1765307533.9559028,70.72325134277344,69.11347961425781,77.162353515625
2025-12-09T14:12:14.907796,1765307534.9077964,71.30423736572266,69.61065673828125,78.07857513427734
2025-12-09T14:12:15.824287,1765307535.8242867,69.95398712158203,67.96573638916016,77.90699768066406
2025-12-09T14:12:16.774616,1765307536.7746162,68.20198822021484,65.92542266845703,77.30824279785156
2025-12-09T14:12:17.718809,1765307537.7188087,68.11969757080078,65.78028869628906,77.47734069824219
2025-12-09T14:12:18.642760,1765307538.6427596,69.23029327392578,67.23690032958984,77.20387268066406
2025-12-09T14:12:19.574320,1765307539.5743196,67.96421813964844,65.71016693115234,76.98043823242188
2025-12-09T14:12:20.556490,1765307540.5564904,66.42408752441406,63.746307373046875,77.13520812988281
2025-12-09T14:12:21.464437,1765307541.4644375,65.67674255371094,62.721275329589844,77.49860382080078
2025-12-09T14:12:22.382248,1765307542.3822477,65.29546356201172,62.349449157714844,77.07952880859375
2025-12-09T14:12:23.331776,1765307543.331776,64.67143249511719,61.93256378173828,75.62691497802734
2025-12-09T14:12:24.277603,1765307544.2776027,64.94207763671875,62.626800537109375,74.20320129394531
2025-12-09T14:12:25.194249,1765307545.194249,66.77732849121094,64.95484924316406,74.06724548339844
2025-12-09T14:12:26.148549,1765307546.1485488,67.59483337402344,65.87031555175781,74.49290466308594
2025-12-09T14:12:27.106985,1765307547.1069846,69.27061462402344,67.9032974243164,74.7398910522461
2025-12-09T14:12:28.027180,1765307548.0271802,70.96997833251953,70.02716064453125,74.74124908447266
2025-12-09T14:12:28.954036,1765307548.9540355,72.73648071289062,72.2254638671875,74.78053283691406
2025-12-09T14:12:29.919806,1765307549.9198065,74.5416030883789,74.59293365478516,74.33626556396484
2025-12-09T14:12:30.834426,1765307550.8344262,75.83472442626953,76.33504486083984,73.83345794677734
2025-12-09T14:12:31.781040,1765307551.7810402,76.79088592529297,77.66712951660156,73.28592681884766
2025-12-09T14:12:32.698656,1765307552.6986563,75.59010314941406,76.2260971069336,73.04612731933594
2025-12-09T14:12:33.670103,1765307553.6701026,75.15132141113281,75.6692886352539,73.07946014404297
2025-12-09T14:12:34.591309,1765307554.5913093,72.9286880493164,72.7269287109375,73.7357406616211
2025-12-09T14:12:35.507034,1765307555.5070338,72.3456802368164,71.87422180175781,74.23151397705078
2025-12-09T14:12:36.461873,1765307556.4618733,71.7332534790039,70.94620513916016,74.88143920898438
2025-12-09T14:12:37.423784,1765307557.4237835,69.8730239868164,68.39436340332031,75.78766632080078
2025-12-09T14:12:38.359205,1765307558.3592048,68.64643096923828,66.6689682006836,76.5562744140625
2025-12-09T14:12:39.260922,1765307559.2609217,67.29257202148438,65.0256576538086,76.36024475097656
2025-12-09T14:12:40.224149,1765307560.224149,66.79813385009766,64.3736801147461,76.49593353271484
2025-12-09T14:12:41.151731,1765307561.1517305,67.0081558227539,64.7125015258789,76.19078063964844
2025-12-09T14:12:42.085199,1765307562.0851986,69.87248229980469,68.2722396850586,76.2734603881836
2025-12-09T14:12:43.024923,1765307563.0249228,71.00138854980469,69.72956848144531,76.08868408203125
2025-12-09T14:12:43.960083,1765307563.960083,73.7363052368164,73.33854675292969,75.32733917236328
2025-12-09T14:12:44.932651,1765307564.9326508,75.61550903320312,75.90869140625,74.44276428222656
2025-12-09T14:12:45.839016,1765307565.8390164,75.51368713378906,75.90660095214844,73.94203186035156
2025-12-09T14:12:46.800038,1765307566.8000379,76.15479278564453,76.90692901611328,73.14625549316406
2025-12-09T14:12:47.715375,1765307567.7153752,76.91338348388672,78.02767944335938,72.45620727539062
2025-12-09T14:12:48.663102,1765307568.6631017,77.1728744506836,78.18827819824219,73.11127471923828
2025-12-09T14:12:49.578587,1765307569.578587,77.46951293945312,78.56218719482422,73.09880065917969
2025-12-09T14:12:50.521775,1765307570.5217745,75.48858642578125,76.01644897460938,73.37713623046875
2025-12-09T14:12:51.482652,1765307571.4826522,75.12713623046875,75.61609649658203,73.17131042480469
2025-12-09T14:12:52.400790,1765307572.4007905,73.571533203125,73.67778778076172,73.14653015136719
2025-12-09T14:12:53.344851,1765307573.3448513,71.55204772949219,71.12456512451172,73.26197052001953
2025-12-09T14:12:54.275858,1765307574.2758584,66.36163330078125,64.66456604003906,73.14991760253906
2025-12-09T14:12:55.199663,1765307575.199663,63.33394241333008,61.0159797668457,72.60578918457031
2025-12-09T14:12:56.139589,1765307576.1395893,58.031578063964844,54.24058151245117,73.19556427001953
2025-12-09T14:12:57.103906,1765307577.1039064,54.354888916015625,49.732818603515625,72.84317779541016
2025-12-09T14:12:58.030379,1765307578.0303786,50.655704498291016,45.31394577026367,72.02274322509766
2025-12-09T14:12:58.968782,1765307578.9687822,46.774497985839844,40.58019256591797,71.55172729492188
2025-12-09T14:12:59.894080,1765307579.8940797,45.956382751464844,39.515506744384766,71.71989440917969
2025-12-09T14:13:00.837940,1765307580.8379402,45.628726959228516,38.94967269897461,72.3449478149414
2025-12-09T14:13:01.795238,1765307581.7952385,46.549232482910156,40.044273376464844,72.5690689086914
2025-12-09T14:13:02.728847,1765307582.7288473,47.9805908203125,41.8217887878418,72.61579132080078
2025-12-09T14:13:03.665347,1765307583.665347,53.099395751953125,48.14056396484375,72.9347152709961
2025-12-09T14:13:04.568334,1765307584.5683343,56.64898681640625,52.53144454956055,73.11914825439453
2025-12-09T14:13:05.514987,1765307585.5149868,62.36812973022461,59.86939239501953,72.36308288574219
2025-12-09T14:13:06.456135,1765307586.4561346,66.42764282226562,64.9050064086914,72.51819610595703
2025-12-09T14:13:07.427415,1765307587.4274154,71.3693618774414,71.0596923828125,72.60803985595703
2025-12-09T14:13:08.320038,1765307588.3200383,75.39762878417969,75.99552917480469,73.00601196289062
2025-12-09T14:13:09.270041,1765307589.2700408,78.0290298461914,79.41694641113281,72.47736358642578
2025-12-09T14:13:10.225157,1765307590.2251568,78.19772338867188,79.77442932128906,71.89088439941406
2025-12-09T14:13:11.155298,1765307591.1552978,78.2016372680664,79.85517883300781,71.58747863769531
2025-12-09T14:13:12.125548,1765307592.1255484,78.55218505859375,80.32466125488281,71.46226501464844
2025-12-09T14:13:13.021954,1765307593.0219538,77.74018096923828,79.31260681152344,71.45049285888672
2025-12-09T14:13:13.974254,1765307593.9742537,76.9447250366211,78.21642303466797,71.85791778564453
2025-12-09T14:13:14.882016,1765307594.882016,76.02227020263672,76.93565368652344,72.36873626708984
2025-12-09T14:13:15.849838,1765307595.8498385,72.87821197509766,73.06951141357422,72.11302185058594
2025-12-09T14:13:16.774586,1765307596.7745862,68.71818542480469,67.82349395751953,72.29694366455078
2025-12-09T14:13:17.726371,1765307597.726371,64.14567565917969,62.062965393066406,72.47651672363281
2025-12-09T14:13:18.677929,1765307598.6779287,63.72028350830078,61.39931106567383,73.00418090820312
2025-12-09T14:13:19.580745,1765307599.5807447,63.677276611328125,61.18281173706055,73.65514373779297
2025-12-09T14:13:20.561980,1765307600.56198,63.5358772277832,60.805999755859375,74.45539093017578
2025-12-09T14:13:21.446584,1765307601.4465845,63.24528121948242,60.33549118041992,74.88444519042969
2025-12-09T14:13:22.400355,1765307602.400355,63.887630462646484,61.07429122924805,75.1409912109375
2025-12-09T14:13:23.355708,1765307603.3557084,64.49772644042969,61.74188995361328,75.52107238769531
2025-12-09T14:13:24.269516,1765307604.269516,65.49111938476562,63.092132568359375,75.08708190917969
2025-12-09T14:13:25.199543,1765307605.1995428,68.26261901855469,66.4657974243164,75.44989776611328
2025-12-09T14:13:26.143082,1765307606.1430824,71.6597671508789,70.76081848144531,75.25556182861328
2025-12-09T14:13:27.098176,1765307607.0981762,76.04417419433594,76.30183410644531,75.01354217529297
2025-12-09T14:13:28.007148,1765307608.0071483,72.07427215576172,71.5384292602539,74.21765899658203
2025-12-09T14:13:28.962447,1765307608.9624472,66.63573455810547,64.7553939819336,74.1571044921875
2025-12-09T14:13:29.899461,1765307609.8994608,64.88609313964844,62.6753044128418,73.729248046875
2025-12-09T14:13:30.853140,1765307610.8531396,61.717803955078125,58.755088806152344,73.56867218017578
2025-12-09T14:13:31.762070,1765307611.7620697,59.64015579223633,56.1849365234375,73.4610366821289
2025-12-09T14:13:32.721613,1765307612.7216132,58.98518753051758,55.540199279785156,72.76513671875
2025-12-09T14:13:33.664048,1765307613.6640484,57.92017364501953,54.1772575378418,72.89183807373047
2025-12-09T14:13:34.577552,1765307614.5775523,57.90793991088867,54.13933181762695,72.98237609863281
2025-12-09T14:13:35.515782,1765307615.5157824,54.863277435302734,50.3720703125,72.82810974121094
2025-12-09T14:13:36.459817,1765307616.4598167,49.00009536743164,42.89175796508789,73.4334487915039
2025-12-09T14:13:37.430597,1765307617.4305966,47.4084587097168,40.68263244628906,74.311767578125
2025-12-09T14:13:38.323188,1765307618.323188,47.58313751220703,40.85968780517578,74.4769287109375
2025-12-09T14:13:39.283737,1765307619.283737,44.20828628540039,36.600196838378906,74.6406478881836
2025-12-09T14:13:40.222631,1765307620.222631,45.85142135620117,38.493019104003906,75.28502655029297
2025-12-09T14:13:41.137312,1765307621.1373117,47.01496887207031,39.7759895324707,75.97089385986328
2025-12-09T14:13:42.078953,1765307622.0789533,42.04032516479492,33.36410903930664,76.74519348144531
2025-12-09T14:13:43.022388,1765307623.0223885,37.31958770751953,27.223867416381836,77.70246124267578
2025-12-09T14:13:43.998912,1765307623.998912,31.656124114990234,19.880516052246094,78.75856018066406
2025-12-09T14:13:44.890886,1765307624.8908863,29.451648712158203,16.858245849609375,79.82526397705078
2025-12-09T14:13:45.858481,1765307625.8584812,32.175655364990234,20.267410278320312,79.80863189697266
2025-12-09T14:13:46.785686,1765307626.7856863,35.12916946411133,23.89089584350586,80.08226013183594
2025-12-09T14:13:47.726277,1765307627.7262774,35.42061996459961,24.236682891845703,80.1563720703125
2025-12-09T14:13:48.707627,1765307628.7076273,39.65618133544922,29.310195922851562,81.04013061523438
2025-12-09T14:13:49.584815,1765307629.5848148,38.492977142333984,28.19930076599121,79.66768646240234
2025-12-09T14:13:50.518248,1765307630.5182478,37.18009948730469,26.699432373046875,79.1027603149414
2025-12-09T14:13:51.448336,1765307631.4483356,38.65443420410156,28.822994232177734,77.98018646240234
2025-12-09T14:13:52.410976,1765307632.4109764,40.63119888305664,31.538848876953125,77.00059509277344
2025-12-09T14:13:53.380800,1765307633.3807995,43.47149658203125,35.157997131347656,76.7254867553711
2025-12-09T14:13:54.271059,1765307634.2710593,48.522911071777344,41.384674072265625,77.07585144042969
2025-12-09T14:13:55.216437,1765307635.216437,49.49605178833008,42.618385314941406,77.00672149658203
2025-12-09T14:13:56.147702,1765307636.1477022,51.33161163330078,44.812076568603516,77.40975952148438
2025-12-09T14:13:57.100125,1765307637.1001248,54.715423583984375,49.011314392089844,77.53186798095703
2025-12-09T14:13:58.013087,1765307638.0130866,52.88774871826172,47.426273345947266,74.73365783691406
2025-12-09T14:13:58.996054,1765307638.9960544,53.662254333496094,48.525997161865234,74.20729064941406
2025-12-09T14:13:59.910279,1765307639.9102788,52.10203552246094,46.788551330566406,73.3559799194336
2025-12-09T14:14:00.857049,1765307640.8570487,53.10126495361328,48.210628509521484,72.66380310058594
2025-12-09T14:14:01.843282,1765307641.8432822,56.732337951660156,52.79319381713867,72.48892211914062
2025-12-09T14:14:02.715302,1765307642.7153022,59.699424743652344,56.68952178955078,71.73902893066406
2025-12-09T14:14:03.629982,1765307643.6299818,59.50521469116211,56.565338134765625,71.26472473144531
2025-12-09T14:14:04.602804,1765307644.6028037,60.37957000732422,57.486175537109375,71.95315551757812
2025-12-09T14:14:05.535696,1765307645.5356956,59.65818786621094,56.73125076293945,71.36592864990234
2025-12-09T14:14:06.466789,1765307646.4667885,58.122947692871094,54.94026565551758,70.85368347167969
2025-12-09T14:14:07.404286,1765307647.404286,60.5060920715332,57.457191467285156,72.70169067382812
2025-12-09T14:14:08.338886,1765307648.3388855,57.51923370361328,53.417572021484375,73.92588806152344
2025-12-09T14:14:09.279088,1765307649.279088,56.04346466064453,51.32548904418945,74.91537475585938
2025-12-09T14:14:10.222311,1765307650.2223105,54.63406753540039,49.31201934814453,75.9222640991211
2025-12-09T14:14:11.146248,1765307651.146248,53.362239837646484,47.420143127441406,77.13063049316406
2025-12-09T14:14:12.087852,1765307652.0878522,52.23125457763672,45.74195098876953,78.18846130371094
2025-12-09T14:14:13.025990,1765307653.0259895,52.24409484863281,45.76683807373047,78.15312194824219
2025-12-09T14:14:13.950186,1765307653.9501855,52.70380401611328,46.40684509277344,77.89163970947266
2025-12-09T14:14:14.892154,1765307654.8921537,49.411190032958984,42.424644470214844,77.35736846923828
2025-12-09T14:14:15.834975,1765307655.834975,47.274757385253906,39.880340576171875,76.8524169921875
2025-12-09T14:14:16.821037,1765307656.8210373,46.614654541015625,39.16725158691406,76.40425872802734
2025-12-09T14:14:17.709267,1765307657.7092667,47.2412109375,40.16997528076172,75.52615356445312
2025-12-09T14:14:18.703137,1765307658.703137,48.894737243652344,42.586273193359375,74.12858581542969
2025-12-09T14:14:19.643246,1765307659.643246,49.92787170410156,44.11437225341797,73.18186950683594
2025-12-09T14:14:20.517610,1765307660.51761,48.718692779541016,42.86929702758789,72.11627960205078
2025-12-09T14:14:21.453974,1765307661.4539742,46.639991760253906,40.639122009277344,70.64347076416016
2025-12-09T14:14:22.411173,1765307662.4111726,44.427574157714844,37.900569915771484,70.53558349609375
2025-12-09T14:14:23.320666,1765307663.320666,41.11395263671875,34.09770584106445,69.17893981933594
2025-12-09T14:14:24.289012,1765307664.2890124,41.44879150390625,34.49333953857422,69.27059936523438
2025-12-09T14:14:25.262320,1765307665.2623196,41.72876739501953,34.765438079833984,69.58207702636719
2025-12-09T14:14:26.153447,1765307666.153447,37.49199676513672,29.298572540283203,70.26568603515625
2025-12-09T14:14:27.109146,1765307667.109146,37.117374420166016,28.635101318359375,71.04646301269531
2025-12-09T14:14:28.014760,1765307668.01476,36.54546356201172,27.6754207611084,72.025634765625
2025-12-09T14:14:28.972801,1765307668.9728012,34.62445831298828,24.88058090209961,73.5999755859375
2025-12-09T14:14:29.911973,1765307669.9119732,33.06678771972656,22.94144630432129,73.56814575195312
2025-12-09T14:14:30.827671,1765307670.8276713,34.59867858886719,24.56260108947754,74.74298095703125
2025-12-09T14:14:31.796554,1765307671.7965543,36.49491500854492,26.84152603149414,75.10846710205078
2025-12-09T14:14:32.713541,1765307672.7135406,39.61109161376953,30.949264526367188,74.25839233398438
2025-12-09T14:14:33.640131,1765307673.6401308,44.13726806640625,36.538700103759766,74.53153228759766
2025-12-09T14:14:34.577112,1765307674.577112,46.468326568603516,39.75659942626953,73.31523132324219
2025-12-09T14:14:35.534898,1765307675.5348978,50.17148208618164,44.72078323364258,71.97428131103516
2025-12-09T14:14:36.483523,1765307676.483523,52.54113006591797,47.763816833496094,71.65037536621094
2025-12-09T14:14:37.388214,1765307677.3882143,56.05220031738281,52.168052673339844,71.58879089355469
2025-12-09T14:14:38.350025,1765307678.3500247,61.873104095458984,59.6129035949707,70.91390991210938
2025-12-09T14:14:39.275792,1765307679.2757921,66.22067260742188,65.0708236694336,70.82006072998047
2025-12-09T14:14:40.229532,1765307680.229532,68.10975646972656,67.64777374267578,69.95768737792969
2025-12-09T14:14:41.142301,1765307681.1423006,69.50154876708984,69.5718765258789,69.22023010253906
2025-12-09T14:14:42.117751,1765307682.1177511,70.58981323242188,70.611572265625,70.50279235839844
2025-12-09T14:14:43.030431,1765307683.0304313,71.00398254394531,71.1861572265625,70.27529907226562
2025-12-09T14:14:43.965620,1765307683.9656198,73.6876220703125,74.10037231445312,72.03662872314453
2025-12-09T14:14:44.972008,1765307684.972008,75.54053497314453,76.15812683105469,73.0701675415039
2025-12-09T14:14:45.864111,1765307685.8641107,77.45115661621094,78.33123016357422,73.93085479736328
2025-12-09T14:14:46.816398,1765307686.8163984,78.74893951416016,79.98320770263672,73.81187438964844
2025-12-09T14:14:47.701965,1765307687.7019646,79.1412353515625,80.47160339355469,73.81975555419922
2025-12-09T14:14:48.647593,1765307688.647593,79.0580825805664,80.38267517089844,73.75971984863281
2025-12-09T14:14:49.596007,1765307689.596007,78.88615417480469,80.18689727783203,73.68317413330078
2025-12-09T14:14:50.521444,1765307690.5214438,78.6105728149414,79.86222839355469,73.60393524169922
2025-12-09T14:14:51.456083,1765307691.4560826,78.0484390258789,79.05545043945312,74.02040100097656
2025-12-09T14:14:52.405810,1765307692.4058096,77.34677124023438,78.01614379882812,74.66926574707031
2025-12-09T14:14:53.350727,1765307693.3507273,77.20669555664062,77.81706237792969,74.76521301269531
2025-12-09T14:14:54.269575,1765307694.2695754,77.74778747558594,78.55962371826172,74.50044250488281
2025-12-09T14:14:55.213943,1765307695.2139428,78.39720916748047,79.47178649902344,74.09891510009766
2025-12-09T14:14:56.154850,1765307696.1548502,76.79307556152344,77.25505828857422,74.94515991210938
2025-12-09T14:14:57.082752,1765307697.082752,74.99097442626953,74.70277404785156,76.14376831054688
2025-12-09T14:14:58.023972,1765307698.023972,73.66980743408203,72.69294738769531,77.57723236083984
2025-12-09T14:14:58.975647,1765307698.9756474,72.1668472290039,70.51750183105469,78.76422882080078
2025-12-09T14:14:59.882699,1765307699.882699,71.06847381591797,68.82752990722656,80.03224182128906
2025-12-09T14:15:00.833013,1765307700.8330128,70.40731048583984,67.7243881225586,81.1390151977539
2025-12-09T14:15:01.832581,1765307701.8325806,70.32401275634766,67.4288330078125,81.90472412109375
2025-12-09T14:15:02.717161,1765307702.7171612,70.42422485351562,67.3670883178711,82.65276336669922
2025-12-09T14:15:03.646275,1765307703.6462753,69.73555755615234,66.14265441894531,84.1071548461914
2025-12-09T14:15:04.580791,1765307704.5807908,69.33116149902344,65.53437042236328,84.5183334350586
2025-12-09T14:15:05.530363,1765307705.5303633,70.54965209960938,67.18592071533203,84.00456237792969
2025-12-09T14:15:06.444625,1765307706.4446254,71.85228729248047,69.1054458618164,82.83963775634766
2025-12-09T14:15:07.393148,1765307707.3931484,70.14282989501953,67.55640411376953,80.48853302001953
2025-12-09T14:15:08.341016,1765307708.3410163,70.78959655761719,68.42674255371094,80.24102020263672
2025-12-09T14:15:09.280044,1765307709.280044,71.37606048583984,69.47607421875,78.97599792480469
2025-12-09T14:15:10.233068,1765307710.233068,71.38179779052734,69.64852142333984,78.31489562988281
2025-12-09T14:15:11.145770,1765307711.14577,70.91785430908203,69.23326110839844,77.6562271118164
2025-12-09T14:15:12.090279,1765307712.090279,69.79276275634766,68.14095306396484,76.40001678466797
2025-12-09T14:15:13.009543,1765307713.0095434,67.42118835449219,65.60037231445312,74.70443725585938
2025-12-09T14:15:13.959651,1765307713.9596505,66.66012573242188,64.63945770263672,74.74278259277344
2025-12-09T14:15:14.912872,1765307714.9128718,63.987884521484375,61.12904739379883,75.42323303222656
2025-12-09T14:15:15.842219,1765307715.8422186,62.093910217285156,58.43463134765625,76.73101806640625
2025-12-09T14:15:16.764596,1765307716.7645957,60.68272399902344,56.35158157348633,78.00728607177734
2025-12-09T14:15:17.705857,1765307717.705857,57.00582504272461,51.9133415222168,77.3757553100586
2025-12-09T14:15:18.664644,1765307718.6646435,52.95845413208008,46.79387283325195,77.61677551269531
2025-12-09T14:15:19.581958,1765307719.5819578,53.003028869628906,46.71599578857422,78.15116119384766
2025-12-09T14:15:20.571969,1765307720.5719686,52.70486068725586,46.26836395263672,78.45084381103516
2025-12-09T14:15:21.460336,1765307721.4603357,52.456424713134766,46.029579162597656,78.16380310058594
2025-12-09T14:15:22.408921,1765307722.408921,54.09233474731445,47.89125442504883,78.89665222167969
2025-12-09T14:15:23.328548,1765307723.3285484,54.265506744384766,47.9829216003418,79.3958511352539
2025-12-09T14:15:24.289368,1765307724.2893682,55.26982879638672,49.23518753051758,79.40840148925781
2025-12-09T14:15:25.252111,1765307725.2521112,56.20110321044922,50.5129280090332,78.95381164550781
2025-12-09T14:15:26.144654,1765307726.1446538,59.04960632324219,53.92158126831055,79.56171417236328
2025-12-09T14:15:27.081949,1765307727.0819492,63.56329345703125,59.61948776245117,79.33850860595703
2025-12-09T14:15:28.027995,1765307728.0279953,68.50115203857422,65.86626434326172,79.04069519042969
2025-12-09T14:15:28.984903,1765307728.984903,69.7461929321289,67.78359985351562,77.59657287597656
2025-12-09T14:15:29.885861,1765307729.8858612,69.62744903564453,68.04104614257812,75.97305297851562
2025-12-09T14:15:30.886176,1765307730.886176,70.81185913085938,69.62322235107422,75.56640625
2025-12-09T14:15:31.810970,1765307731.8109696,72.1787109375,71.50515747070312,74.8729248046875
2025-12-09T14:15:32.700373,1765307732.7003732,72.5285873413086,72.20684814453125,73.81554412841797
2025-12-09T14:15:33.640582,1765307733.6405816,74.40674591064453,74.76557922363281,72.97140502929688
2025-12-09T14:15:34.591677,1765307734.591677,75.2444076538086,76.02190399169922,72.13443756103516
2025-12-09T14:15:35.554346,1765307735.5543458,76.72444152832031,78.0657730102539,71.359130859375
2025-12-09T14:15:36.486018,1765307736.4860184,76.64531707763672,77.97666931152344,71.3199234008789
2025-12-09T14:15:37.428440,1765307737.4284396,76.00745391845703,77.11910247802734,71.56087493896484
2025-12-09T14:15:38.381132,1765307738.381132,74.99429321289062,75.7035903930664,72.1571044921875
2025-12-09T14:15:39.257687,1765307739.2576866,76.46733856201172,77.40705871582031,72.70845031738281
2025-12-09T14:15:40.202332,1765307740.202332,77.24237823486328,78.2980728149414,73.01959228515625
2025-12-09T14:15:41.179434,1765307741.1794343,77.16498565673828,78.15275573730469,73.21390533447266
2025-12-09T14:15:42.099175,1765307742.0991755,77.26620483398438,78.33489990234375,72.99140930175781
2025-12-09T14:15:43.039425,1765307743.0394254,77.29644775390625,78.37236022949219,72.99281311035156
2025-12-09T14:15:43.983689,1765307743.9836893,77.19767761230469,78.19172668457031,73.22148132324219
2025-12-09T14:15:44.905741,1765307744.9057412,76.65879821777344,77.5027847290039,73.28285217285156
2025-12-09T14:15:45.823419,1765307745.823419,76.49857330322266,77.31172943115234,73.24593353271484
2025-12-09T14:15:46.777738,1765307746.7777376,76.43370056152344,77.14803314208984,73.57637023925781
2025-12-09T14:15:47.714169,1765307747.714169,76.26524353027344,76.98277282714844,73.39513397216797
2025-12-09T14:15:48.657218,1765307748.6572182,74.38856506347656,74.6593246459961,73.30553436279297
2025-12-09T14:15:49.595160,1765307749.5951602,72.58332824707031,72.37269592285156,73.42586517333984
2025-12-09T14:15:50.593410,1765307750.5934098,70.2681655883789,69.46049499511719,73.49884796142578
2025-12-09T14:15:51.466038,1765307751.4660385,68.34638977050781,67.02660369873047,73.62554168701172
2025-12-09T14:15:52.384667,1765307752.384667,67.48819732666016,65.83667755126953,74.09427642822266
2025-12-09T14:15:53.335079,1765307753.3350794,67.27799987792969,65.5098876953125,74.35043334960938
2025-12-09T14:15:54.312907,1765307754.3129075,67.64775848388672,65.89678955078125,74.65162658691406
2025-12-09T14:15:55.226126,1765307755.2261257,67.06343841552734,64.9444351196289,75.53945922851562
2025-12-09T14:15:56.176138,1765307756.176138,66.68876647949219,64.3282699584961,76.1307601928711
2025-12-09T14:15:57.090342,1765307757.0903423,66.98164367675781,64.43067932128906,77.18550872802734
2025-12-09T14:15:58.046459,1765307758.0464587,67.11132049560547,64.32440185546875,78.25900268554688
2025-12-09T14:15:58.968812,1765307758.9688122,68.0125503540039,65.14042663574219,79.50102996826172
2025-12-09T14:15:59.972117,1765307759.972117,69.44935607910156,66.72438049316406,80.3492431640625
2025-12-09T14:16:00.843376,1765307760.8433762,71.08679962158203,68.44972229003906,81.6351089477539
2025-12-09T14:16:01.794436,1765307761.794436,66.41536712646484,62.69519805908203,81.29603576660156
2025-12-09T14:16:02.708625,1765307762.708625,61.70222091674805,56.89324188232422,80.9381332397461
2025-12-09T14:16:03.643586,1765307763.6435862,57.38877868652344,51.68129348754883,80.2187271118164
2025-12-09T14:16:04.603967,1765307764.6039667,53.42732620239258,47.033592224121094,79.00225830078125
2025-12-09T14:16:05.507985,1765307765.5079849,48.535926818847656,41.06510925292969,78.41920471191406
2025-12-09T14:16:06.466265,1765307766.4662647,49.068931579589844,42.04376983642578,77.16957092285156
2025-12-09T14:16:07.413200,1765307767.4132001,49.023738861083984,42.219669342041016,76.2400131225586
2025-12-09T14:16:08.343125,1765307768.3431253,46.332496643066406,39.31182098388672,74.41520690917969
2025-12-09T14:16:09.268195,1765307769.2681954,45.35191345214844,38.17231750488281,74.0702896118164
2025-12-09T14:16:10.219503,1765307770.2195027,45.00564956665039,37.88861846923828,73.4737777709961
2025-12-09T14:16:11.154024,1765307771.1540241,50.18303680419922,44.44333267211914,73.14186096191406
2025-12-09T14:16:12.073632,1765307772.0736315,54.692962646484375,49.980567932128906,73.54254150390625
2025-12-09T14:16:13.022493,1765307773.0224931,58.73040008544922,54.94819259643555,73.8592300415039
2025-12-09T14:16:13.960698,1765307773.9606981,62.514156341552734,59.55455780029297,74.35255432128906
2025-12-09T14:16:14.913337,1765307774.9133372,67.86801147460938,66.41984558105469,73.66069030761719
2025-12-09T14:16:15.828125,1765307775.8281248,67.85943603515625,66.4063949584961,73.6716079711914
2025-12-09T14:16:16.776969,1765307776.7769694,69.68289184570312,68.68598937988281,73.6705093383789
2025-12-09T14:16:17.722839,1765307777.7228386,72.16321563720703,71.58937072753906,74.45860290527344
2025-12-09T14:16:18.637417,1765307778.637417,72.82324981689453,72.34086608886719,74.75279235839844
2025-12-09T14:16:19.582232,1765307779.5822315,68.85490417480469,67.5814437866211,73.94873046875
2025-12-09T14:16:20.532675,1765307780.5326746,65.5964126586914,63.57965850830078,73.66344451904297
2025-12-09T14:16:21.467555,1765307781.4675546,60.43482208251953,57.0954475402832,73.79232788085938
2025-12-09T14:16:22.398373,1765307782.3983727,55.09690856933594,50.297340393066406,74.29517364501953
2025-12-09T14:16:23.331419,1765307783.3314185,51.699378967285156,46.02254104614258,74.40672302246094
2025-12-09T14:16:24.279167,1765307784.2791672,48.229835510253906,41.60752868652344,74.71907043457031
2025-12-09T14:16:25.195876,1765307785.195876,42.910396575927734,35.00513458251953,74.53144836425781
2025-12-09T14:16:26.155941,1765307786.155941,40.31660461425781,31.708480834960938,74.74909210205078
2025-12-09T14:16:27.100584,1765307787.1005838,40.230045318603516,31.59623146057129,74.76530456542969
2025-12-09T14:16:28.030294,1765307788.030294,39.94643020629883,31.423336029052734,74.03880310058594
2025-12-09T14:16:28.953973,1765307788.9539728,44.35809326171875,36.951805114746094,73.98323822021484
2025-12-09T14:16:29.895080,1765307789.89508,46.94294357299805,40.030433654785156,74.59298706054688
2025-12-09T14:16:30.854149,1765307790.854149,52.56861114501953,47.238861083984375,73.88761138916016
2025-12-09T14:16:31.760994,1765307791.760994,57.58761215209961,53.616539001464844,73.47190856933594
2025-12-09T14:16:32.703284,1765307792.7032838,58.7794189453125,55.215904235839844,73.0334701538086
2025-12-09T14:16:33.655819,1765307793.6558194,57.4813117980957,53.630699157714844,72.8837661743164
2025-12-09T14:16:34.598170,1765307794.5981703,60.15985107421875,56.998985290527344,72.8033218383789
2025-12-09T14:16:35.525644,1765307795.5256443,60.068172454833984,56.9989013671875,72.34525299072266
2025-12-09T14:16:36.456828,1765307796.456828,59.47359085083008,56.2369499206543,72.42015075683594
2025-12-09T14:16:37.443245,1765307797.4432452,59.659912109375,56.4075813293457,72.66923522949219
2025-12-09T14:16:38.321485,1765307798.321485,60.246192932128906,57.135780334472656,72.68783569335938
2025-12-09T14:16:39.270566,1765307799.2705657,61.09640121459961,58.2785758972168,72.36770629882812
2025-12-09T14:16:40.249073,1765307800.2490728,61.04068374633789,58.2602653503418,72.162353515625
2025-12-09T14:16:41.161927,1765307801.1619267,61.74680709838867,59.232452392578125,71.8042221069336
2025-12-09T14:16:42.121341,1765307802.1213412,64.88560485839844,63.12019729614258,71.94722747802734
2025-12-09T14:16:43.040160,1765307803.0401597,69.78353881835938,69.30243682861328,71.70796203613281
2025-12-09T14:16:43.981114,1765307803.9811144,72.46624755859375,72.58256530761719,72.00099182128906
2025-12-09T14:16:44.920785,1765307804.9207854,75.10445404052734,75.92253875732422,71.83212280273438
2025-12-09T14:16:45.832698,1765307805.8326983,76.9682846069336,78.38274383544922,71.31043243408203
2025-12-09T14:16:46.773092,1765307806.7730918,78.49554443359375,80.41472625732422,70.81880950927734
2025-12-09T14:16:47.737375,1765307807.7373755,78.95503997802734,80.97704315185547,70.86701965332031
2025-12-09T14:16:48.664173,1765307808.6641731,78.65111541748047,80.61141204833984,70.80994415283203
2025-12-09T14:16:49.608260,1765307809.6082604,78.26640319824219,79.87921142578125,71.8151626586914
2025-12-09T14:16:50.539423,1765307810.5394235,74.18386840820312,74.8611068725586,71.47489929199219
2025-12-09T14:16:51.476085,1765307811.4760847,72.9266586303711,73.14454650878906,72.05512237548828
2025-12-09T14:16:52.391049,1765307812.3910487,72.79741668701172,72.96077728271484,72.14397430419922
2025-12-09T14:16:53.351032,1765307813.3510323,72.72006225585938,72.93243408203125,71.8705825805664
2025-12-09T14:16:54.295161,1765307814.2951615,70.58458709716797,70.32521057128906,71.62208557128906
2025-12-09T14:16:55.200977,1765307815.2009773,69.9813461303711,69.6407699584961,71.3436508178711
2025-12-09T14:16:56.155158,1765307816.155158,68.54125213623047,67.77909851074219,71.58985900878906
2025-12-09T14:16:57.101839,1765307817.1018393,66.00167083740234,64.5120849609375,71.96000671386719
2025-12-09T14:16:58.026789,1765307818.026789,65.8546142578125,64.16709899902344,72.60466003417969
2025-12-09T14:16:58.959458,1765307818.9594576,65.1402587890625,63.458282470703125,71.8681640625
2025-12-09T14:16:59.910075,1765307819.910075,68.67250061035156,67.45326232910156,73.5494384765625
2025-12-09T14:17:00.880287,1765307820.880287,69.58203887939453,68.55956268310547,73.67195129394531
2025-12-09T14:17:01.762118,1765307821.7621176,69.00955963134766,67.41313171386719,75.395263671875
2025-12-09T14:17:02.727787,1765307822.7277875,68.15705108642578,65.9500961303711,76.98487854003906
2025-12-09T14:17:03.678587,1765307823.6785874,69.34371185302734,66.94931030273438,78.92130279541016
2025-12-09T14:17:04.574889,1765307824.5748892,69.30908203125,66.56287384033203,80.29390716552734
2025-12-09T14:17:05.519577,1765307825.5195768,69.94982147216797,67.2392807006836,80.7919692993164
2025-12-09T14:17:06.565046,1765307826.5650463,70.79456329345703,68.49180603027344,80.0055923461914
2025-12-09T14:17:07.415391,1765307827.4153907,71.6923828125,69.78919219970703,79.3051528930664
2025-12-09T14:17:08.346911,1765307828.3469114,71.91715240478516,69.88048553466797,80.06382751464844
2025-12-09T14:17:09.294534,1765307829.2945337,72.0552749633789,70.14041137695312,79.7147216796875
2025-12-09T14:17:10.253238,1765307830.253238,71.781005859375,69.79739379882812,79.71543884277344
2025-12-09T14:17:11.140745,1765307831.1407454,72.09886169433594,70.3629379272461,79.04255676269531
2025-12-09T14:17:12.093247,1765307832.093247,72.62078857421875,71.19992065429688,78.30426788330078
2025-12-09T14:17:13.025105,1765307833.0251052,73.40072631835938,72.49168395996094,77.03688049316406
2025-12-09T14:17:14.007692,1765307834.0076916,73.65505981445312,72.96746063232422,76.40544891357422
2025-12-09T14:17:14.897857,1765307834.8978567,73.62223052978516,72.89519500732422,76.53035736083984
2025-12-09T14:17:15.854702,1765307835.8547015,75.17364501953125,74.70917510986328,77.0315170288086
2025-12-09T14:17:16.779548,1765307836.779548,73.8297348022461,72.79966735839844,77.95001220703125
2025-12-09T14:17:17.728770,1765307837.7287703,73.94148254394531,72.812255859375,78.45838928222656
2025-12-09T14:17:18.646760,1765307838.6467605,73.31993103027344,71.87471008300781,79.10081481933594
2025-12-09T14:17:19.599618,1765307839.599618,72.77750396728516,71.02454376220703,79.78935241699219
2025-12-09T14:17:20.531198,1765307840.5311978,70.13939666748047,67.92332458496094,79.00367736816406
2025-12-09T14:17:21.457774,1765307841.4577744,68.74695587158203,66.03154754638672,79.60860443115234
2025-12-09T14:17:22.400906,1765307842.4009063,68.35381317138672,65.16950988769531,81.09103393554688
2025-12-09T14:17:23.346703,1765307843.3467026,67.84275817871094,64.26396179199219,82.15795135498047
2025-12-09T14:17:24.269341,1765307844.269341,67.80619049072266,64.1220703125,82.54267883300781
2025-12-09T14:17:25.221539,1765307845.2215393,67.21500396728516,63.08879852294922,83.71983337402344
2025-12-09T14:17:26.151969,1765307846.1519692,67.56725311279297,63.349945068359375,84.43647003173828
2025-12-09T14:17:27.103751,1765307847.1037507,67.96114349365234,63.7532844543457,84.79258728027344
2025-12-09T14:17:28.020768,1765307848.0207677,64.28941345214844,59.51887130737305,83.37159729003906
2025-12-09T14:17:28.970053,1765307848.9700532,61.72263717651367,56.7718505859375,81.52578735351562
2025-12-09T14:17:29.922373,1765307849.9223726,63.380393981933594,58.885231018066406,81.36105346679688
2025-12-09T14:17:30.833673,1765307850.833673,61.137081146240234,56.579322814941406,79.36811828613281
2025-12-09T14:17:31.777292,1765307851.7772918,61.48443603515625,57.43892288208008,77.66648864746094
2025-12-09T14:17:32.713505,1765307852.7135053,62.216331481933594,58.69709014892578,76.29328918457031
2025-12-09T14:17:33.662764,1765307853.6627638,62.11357116699219,58.59477996826172,76.18872833251953
2025-12-09T14:17:34.576373,1765307854.5763733,61.157325744628906,57.460243225097656,75.94564819335938
2025-12-09T14:17:35.540515,1765307855.5405154,61.048912048339844,57.53919219970703,75.08778381347656
2025-12-09T14:17:36.475325,1765307856.4753253,58.89521408081055,55.161109924316406,73.83162689208984
2025-12-09T14:17:37.393840,1765307857.3938398,62.361881256103516,59.268577575683594,74.73509216308594
2025-12-09T14:17:38.333782,1765307858.333782,63.292457580566406,60.056861877441406,76.23484802246094
2025-12-09T14:17:39.273400,1765307859.2733998,59.092132568359375,54.5716438293457,77.1740951538086
